Image,whaleID
w_7812.jpg,whale_48813
w_4598.jpg,whale_09913
w_3828.jpg,whale_45062
w_8734.jpg,whale_74162
w_3251.jpg,whale_99558
w_8063.jpg,whale_59255
w_5624.jpg,whale_87291
w_825.jpg,whale_33152
w_3974.jpg,whale_88147
w_3049.jpg,whale_77693
w_6660.jpg,whale_74625
w_3909.jpg,whale_06069
w_2632.jpg,whale_62939
w_7754.jpg,whale_67036
w_1681.jpg,whale_78785
w_4130.jpg,whale_75682
w_1194.jpg,whale_08017
w_5390.jpg,whale_23574
w_8923.jpg,whale_06069
w_8790.jpg,whale_46169
w_4522.jpg,whale_11242
w_6695.jpg,whale_03227
w_1052.jpg,whale_24815
w_7212.jpg,whale_36231
w_735.jpg,whale_89615
w_3805.jpg,whale_64989
w_707.jpg,whale_52342
w_9271.jpg,whale_63948
w_7097.jpg,whale_80947
w_3779.jpg,whale_80247
w_5312.jpg,whale_11076
w_6038.jpg,whale_70138
w_5859.jpg,whale_11242
w_6731.jpg,whale_07863
w_4144.jpg,whale_36300
w_4817.jpg,whale_64634
w_2319.jpg,whale_22448
w_446.jpg,whale_68116
w_8673.jpg,whale_30331
w_5770.jpg,whale_88147
w_133.jpg,whale_64006
w_3003.jpg,whale_54796
w_5033.jpg,whale_48415
w_6015.jpg,whale_09181
w_6511.jpg,whale_86041
w_2935.jpg,whale_81818
w_4664.jpg,whale_99573
w_5938.jpg,whale_47734
w_8430.jpg,whale_58010
w_9105.jpg,whale_23525
w_6365.jpg,whale_48490
w_2577.jpg,whale_02411
w_8281.jpg,whale_80247
w_3392.jpg,whale_08439
w_9358.jpg,whale_48813
w_8357.jpg,whale_08181
w_2883.jpg,whale_78280
w_1087.jpg,whale_23847
w_9328.jpg,whale_29569
w_4469.jpg,whale_67685
w_3983.jpg,whale_49530
w_4441.jpg,whale_48386
w_7702.jpg,whale_49491
w_1325.jpg,whale_39915
w_7416.jpg,whale_38008
w_4213.jpg,whale_50021
w_869.jpg,whale_81875
w_9376.jpg,whale_10977
w_5075.jpg,whale_82548
w_1057.jpg,whale_36154
w_4261.jpg,whale_85670
w_4974.jpg,whale_23367
w_2469.jpg,whale_98645
w_3807.jpg,whale_87155
w_1264.jpg,whale_48813
w_6066.jpg,whale_59173
w_6052.jpg,whale_82548
w_5811.jpg,whale_38008
w_3444.jpg,whale_74683
w_8582.jpg,whale_76782
w_8962.jpg,whale_73592
w_6326.jpg,whale_00195
w_2989.jpg,whale_43971
w_5587.jpg,whale_79439
w_7405.jpg,whale_33152
w_527.jpg,whale_53079
w_2302.jpg,whale_52505
w_3403.jpg,whale_77693
w_7462.jpg,whale_97882
w_3777.jpg,whale_78280
w_4895.jpg,whale_95370
w_6563.jpg,whale_94176
w_6882.jpg,whale_63541
w_4706.jpg,whale_70904
w_2578.jpg,whale_28892
w_9406.jpg,whale_16738
w_4071.jpg,whale_05487
w_2212.jpg,whale_83892
w_8153.jpg,whale_08017
w_3648.jpg,whale_57251
w_5084.jpg,whale_72820
w_1654.jpg,whale_98996
w_6801.jpg,whale_12820
w_6612.jpg,whale_66852
w_5032.jpg,whale_27085
w_1115.jpg,whale_90820
w_7935.jpg,whale_23821
w_2185.jpg,whale_06339
w_6303.jpg,whale_83791
w_4961.jpg,whale_37154
w_4435.jpg,whale_87622
w_112.jpg,whale_40169
w_7622.jpg,whale_15079
w_6262.jpg,whale_52749
w_8756.jpg,whale_11708
w_4277.jpg,whale_82064
w_1683.jpg,whale_90820
w_1477.jpg,whale_60729
w_4236.jpg,whale_17604
w_2078.jpg,whale_37154
w_353.jpg,whale_28263
w_3326.jpg,whale_19906
w_4561.jpg,whale_34656
w_8024.jpg,whale_61461
w_7828.jpg,whale_96385
w_1766.jpg,whale_73684
w_1992.jpg,whale_68116
w_4436.jpg,whale_23118
w_7392.jpg,whale_81875
w_3237.jpg,whale_11076
w_354.jpg,whale_34656
w_2133.jpg,whale_87291
w_8556.jpg,whale_87604
w_7218.jpg,whale_72820
w_8157.jpg,whale_37654
w_8666.jpg,whale_39689
w_3159.jpg,whale_26288
w_6141.jpg,whale_11076
w_5262.jpg,whale_37658
w_1953.jpg,whale_87291
w_4488.jpg,whale_55550
w_3144.jpg,whale_36300
w_3875.jpg,whale_69459
w_2462.jpg,whale_43971
w_3239.jpg,whale_90929
w_142.jpg,whale_35594
w_3770.jpg,whale_41125
w_3415.jpg,whale_79823
w_5177.jpg,whale_79439
w_7852.jpg,whale_46974
w_3131.jpg,whale_35844
w_1617.jpg,whale_03623
w_9126.jpg,whale_18989
w_6867.jpg,whale_47700
w_8868.jpg,whale_37269
w_2322.jpg,whale_85464
w_3007.jpg,whale_53580
w_6357.jpg,whale_50021
w_4134.jpg,whale_79823
w_3935.jpg,whale_38681
w_9197.jpg,whale_54574
w_4927.jpg,whale_44127
w_3527.jpg,whale_64006
w_7093.jpg,whale_73080
w_6276.jpg,whale_61260
w_3776.jpg,whale_08017
w_8299.jpg,whale_78280
w_1856.jpg,whale_17604
w_6828.jpg,whale_48966
w_8918.jpg,whale_47734
w_4515.jpg,whale_64714
w_9464.jpg,whale_55079
w_2254.jpg,whale_23367
w_6707.jpg,whale_98939
w_6054.jpg,whale_26397
w_710.jpg,whale_63948
w_3627.jpg,whale_91826
w_1063.jpg,whale_40169
w_3969.jpg,whale_64496
w_3339.jpg,whale_17785
w_3420.jpg,whale_81818
w_6665.jpg,whale_24815
w_4240.jpg,whale_73136
w_6110.jpg,whale_23574
w_9084.jpg,whale_49237
w_6620.jpg,whale_68789
w_5557.jpg,whale_29569
w_9465.jpg,whale_89615
w_7070.jpg,whale_20448
w_317.jpg,whale_31594
w_348.jpg,whale_53079
w_3625.jpg,whale_48415
w_8547.jpg,whale_60729
w_4181.jpg,whale_27820
w_1438.jpg,whale_48415
w_6336.jpg,whale_19041
w_8377.jpg,whale_06334
w_4028.jpg,whale_55550
w_3074.jpg,whale_32087
w_256.jpg,whale_48966
w_8140.jpg,whale_85670
w_5805.jpg,whale_82089
w_6447.jpg,whale_52342
w_1975.jpg,whale_44127
w_8475.jpg,whale_74439
w_8754.jpg,whale_60921
w_5553.jpg,whale_65057
w_5021.jpg,whale_75932
w_1867.jpg,whale_49530
w_1273.jpg,whale_97542
w_6640.jpg,whale_37269
w_1381.jpg,whale_23821
w_4678.jpg,whale_02839
w_6402.jpg,whale_64714
w_7282.jpg,whale_36851
w_7376.jpg,whale_25878
w_1352.jpg,whale_61461
w_1741.jpg,whale_61260
w_2171.jpg,whale_38681
w_2907.jpg,whale_15434
w_7531.jpg,whale_55079
w_6504.jpg,whale_11242
w_1736.jpg,whale_18989
w_4504.jpg,whale_48490
w_8159.jpg,whale_74162
w_4692.jpg,whale_52749
w_7516.jpg,whale_89211
w_5165.jpg,whale_36851
w_2993.jpg,whale_25878
w_6759.jpg,whale_09454
w_8216.jpg,whale_29172
w_7567.jpg,whale_59255
w_4989.jpg,whale_08637
w_222.jpg,whale_35426
w_5775.jpg,whale_86377
w_8768.jpg,whale_38681
w_8942.jpg,whale_51538
w_5571.jpg,whale_66711
w_1308.jpg,whale_80405
w_3305.jpg,whale_72820
w_5892.jpg,whale_05349
w_2545.jpg,whale_97688
w_6181.jpg,whale_09651
w_3515.jpg,whale_48386
w_847.jpg,whale_26686
w_7327.jpg,whale_54920
w_3506.jpg,whale_90271
w_3462.jpg,whale_48813
w_1780.jpg,whale_60921
w_6363.jpg,whale_36437
w_4390.jpg,whale_65586
w_1827.jpg,whale_33723
w_272.jpg,whale_23525
w_4758.jpg,whale_79648
w_2001.jpg,whale_59255
w_4050.jpg,whale_09062
w_6797.jpg,whale_59627
w_984.jpg,whale_97924
w_4551.jpg,whale_38817
w_9015.jpg,whale_05661
w_8141.jpg,whale_11555
w_9396.jpg,whale_13288
w_5779.jpg,whale_49135
w_3492.jpg,whale_11242
w_9092.jpg,whale_48966
w_4889.jpg,whale_92465
w_6539.jpg,whale_40169
w_199.jpg,whale_11076
w_8290.jpg,whale_02411
w_3385.jpg,whale_86041
w_1619.jpg,whale_85464
w_1636.jpg,whale_90957
w_597.jpg,whale_23525
w_1296.jpg,whale_59173
w_2301.jpg,whale_10977
w_9233.jpg,whale_03623
w_3953.jpg,whale_23847
w_8934.jpg,whale_09651
w_7401.jpg,whale_53079
w_1277.jpg,whale_17785
w_888.jpg,whale_82064
w_969.jpg,whale_47700
w_4328.jpg,whale_12074
w_985.jpg,whale_64496
w_5514.jpg,whale_34488
w_8685.jpg,whale_68116
w_416.jpg,whale_79166
w_8164.jpg,whale_48813
w_7128.jpg,whale_33140
w_5129.jpg,whale_86206
w_1382.jpg,whale_23525
w_7452.jpg,whale_68116
w_1506.jpg,whale_39689
w_4256.jpg,whale_82554
w_5062.jpg,whale_26654
w_7115.jpg,whale_49135
w_2861.jpg,whale_08181
w_7795.jpg,whale_22297
w_1568.jpg,whale_95370
w_69.jpg,whale_95831
w_5207.jpg,whale_15519
w_7573.jpg,whale_38288
w_8428.jpg,whale_72327
w_6764.jpg,whale_09651
w_3494.jpg,whale_90911
w_9286.jpg,whale_02411
w_1604.jpg,whale_10005
w_571.jpg,whale_38894
w_8347.jpg,whale_88147
w_8588.jpg,whale_66852
w_3801.jpg,whale_20448
w_201.jpg,whale_38681
w_8706.jpg,whale_03103
w_7295.jpg,whale_43971
w_876.jpg,whale_81136
w_536.jpg,whale_84178
w_1323.jpg,whale_95091
w_560.jpg,whale_79166
w_1905.jpg,whale_39293
w_4374.jpg,whale_54574
w_5416.jpg,whale_64299
w_3249.jpg,whale_54850
w_1245.jpg,whale_83791
w_8719.jpg,whale_87622
w_3071.jpg,whale_37154
w_5222.jpg,whale_38191
w_5249.jpg,whale_02411
w_2664.jpg,whale_91826
w_1527.jpg,whale_64937
w_5485.jpg,whale_14270
w_3027.jpg,whale_58474
w_1218.jpg,whale_21160
w_5484.jpg,whale_49491
w_5274.jpg,whale_47700
w_9088.jpg,whale_13863
w_8083.jpg,whale_51603
w_3978.jpg,whale_38543
w_4759.jpg,whale_29858
w_3320.jpg,whale_74625
w_8421.jpg,whale_88547
w_2020.jpg,whale_97882
w_284.jpg,whale_86377
w_9047.jpg,whale_84178
w_7449.jpg,whale_52749
w_4251.jpg,whale_32087
w_6753.jpg,whale_07647
w_8143.jpg,whale_94546
w_5785.jpg,whale_05661
w_7790.jpg,whale_86206
w_5980.jpg,whale_48966
w_214.jpg,whale_24730
w_7109.jpg,whale_58362
w_4123.jpg,whale_60921
w_6656.jpg,whale_21655
w_2543.jpg,whale_74935
w_5844.jpg,whale_23847
w_3024.jpg,whale_79193
w_2251.jpg,whale_88147
w_5652.jpg,whale_26288
w_2440.jpg,whale_34656
w_4771.jpg,whale_88547
w_2287.jpg,whale_69619
w_1280.jpg,whale_06339
w_5476.jpg,whale_54850
w_3395.jpg,whale_43045
w_7237.jpg,whale_92686
w_163.jpg,whale_35594
w_4463.jpg,whale_84963
w_2788.jpg,whale_88147
w_4851.jpg,whale_11625
w_1348.jpg,whale_86041
w_9394.jpg,whale_60729
w_3476.jpg,whale_36231
w_1265.jpg,whale_08181
w_9217.jpg,whale_66353
w_4888.jpg,whale_34663
w_1328.jpg,whale_52505
w_6547.jpg,whale_37154
w_4904.jpg,whale_45465
w_3688.jpg,whale_52342
w_3313.jpg,whale_44699
w_7863.jpg,whale_44699
w_7258.jpg,whale_24730
w_8032.jpg,whale_36851
w_6685.jpg,whale_64903
w_568.jpg,whale_52759
w_1454.jpg,whale_55333
w_3542.jpg,whale_69459
w_8881.jpg,whale_22448
w_5399.jpg,whale_45062
w_9231.jpg,whale_47734
w_1868.jpg,whale_70138
w_3893.jpg,whale_38288
w_5259.jpg,whale_92465
w_1093.jpg,whale_11555
w_4757.jpg,whale_97688
w_577.jpg,whale_48813
w_6534.jpg,whale_53889
w_6095.jpg,whale_78565
w_6564.jpg,whale_73080
w_3711.jpg,whale_14094
w_5784.jpg,whale_57338
w_5846.jpg,whale_51195
w_2398.jpg,whale_41805
w_9049.jpg,whale_86527
w_5138.jpg,whale_45728
w_299.jpg,whale_26397
w_3127.jpg,whale_32702
w_2198.jpg,whale_43045
w_1608.jpg,whale_38008
w_5991.jpg,whale_79166
w_7598.jpg,whale_72327
w_6556.jpg,whale_45367
w_3977.jpg,whale_58362
w_6025.jpg,whale_55861
w_2742.jpg,whale_98151
w_798.jpg,whale_14892
w_8893.jpg,whale_48813
w_2063.jpg,whale_68774
w_2404.jpg,whale_97882
w_6818.jpg,whale_87604
w_8453.jpg,whale_73666
w_7950.jpg,whale_28892
w_4587.jpg,whale_92686
w_5293.jpg,whale_11555
w_7942.jpg,whale_23525
w_3979.jpg,whale_67685
w_5839.jpg,whale_95370
w_8646.jpg,whale_96385
w_4189.jpg,whale_48490
w_647.jpg,whale_97688
w_8559.jpg,whale_64989
w_4505.jpg,whale_24815
w_6394.jpg,whale_87291
w_3623.jpg,whale_21873
w_6094.jpg,whale_08923
w_1233.jpg,whale_07863
w_1595.jpg,whale_72820
w_3081.jpg,whale_32087
w_132.jpg,whale_82554
w_2255.jpg,whale_91826
w_3847.jpg,whale_59173
w_641.jpg,whale_53580
w_2717.jpg,whale_79823
w_6996.jpg,whale_51195
w_961.jpg,whale_22059
w_709.jpg,whale_74162
w_7041.jpg,whale_67614
w_4915.jpg,whale_23821
w_7605.jpg,whale_74935
w_9043.jpg,whale_53079
w_4727.jpg,whale_94176
w_7394.jpg,whale_95091
w_8630.jpg,whale_74625
w_7944.jpg,whale_68774
w_1117.jpg,whale_38894
w_2379.jpg,whale_76398
w_7271.jpg,whale_80947
w_5185.jpg,whale_36851
w_5434.jpg,whale_74439
w_3141.jpg,whale_97542
w_622.jpg,whale_41125
w_3484.jpg,whale_33195
w_6690.jpg,whale_28892
w_4025.jpg,whale_17604
w_1388.jpg,whale_66353
w_6434.jpg,whale_13789
w_4672.jpg,whale_89615
w_1603.jpg,whale_80247
w_8106.jpg,whale_37269
w_8061.jpg,whale_11099
w_1588.jpg,whale_45062
w_7263.jpg,whale_95091
w_4799.jpg,whale_68116
w_9209.jpg,whale_25715
w_4661.jpg,whale_61461
w_1423.jpg,whale_26397
w_7775.jpg,whale_54574
w_3368.jpg,whale_98996
w_9426.jpg,whale_51195
w_4237.jpg,whale_88756
w_6423.jpg,whale_10021
w_657.jpg,whale_17601
w_564.jpg,whale_66711
w_4612.jpg,whale_70904
w_991.jpg,whale_17785
w_8877.jpg,whale_89615
w_3406.jpg,whale_82602
w_9237.jpg,whale_24815
w_6206.jpg,whale_44127
w_3920.jpg,whale_26288
w_3530.jpg,whale_38008
w_3543.jpg,whale_65057
w_3925.jpg,whale_14892
w_6430.jpg,whale_73592
w_2190.jpg,whale_24815
w_8209.jpg,whale_58972
w_3235.jpg,whale_65586
w_770.jpg,whale_74439
w_470.jpg,whale_38681